[{"promo_name":"สินเชื่อชีวิตสุขสันต์","promo_description":"เพิ่มสีสันให้ชีวิต ด้วยสินเชื่อชีวิตสุขสันต์ สำหรับใช้จ่ายเพื่อการศึกษา แต่งงาน ท่องเที่ยว","promo_code":80229,"imageFile":"neacfqnuci"},{"promo_name":"สินเชื่อบ้านสมใจ","promo_description":"สานฝันเรื่องบ้านให้เป็นจริง สินเชื่อบ้านสร้างสมใจ ดอกเบี้ยต่ำ","promo_code":56047,"imageFile":"obgnaxqthl"},{"promo_name":"สินเชื่อ OD Happy Life","promo_description":"สินเชื่อระยะยาว สำรับใช้ในการอุปโภค บริโภค","promo_code":81270,"imageFile":"owblpuxusz"},{"promo_name":"สินเชื่อเคหะเพิ่มยอด","promo_description":"เพื่อพัฒนาคุณภาพชีวิตส่วนบุคคล ยกเว้น ซื้อที่ดินว่างเปล่า และธุรกิจที่มีความเสี่ยง","promo_code":67569,"imageFile":"soullclkbi"},{"promo_name":"สินเชื่อบ้านจัดสรร","promo_description":"สานฝันเรื่องบ้านให้เป็นจริง ไม่ว่าจะสร้าง ซื้อ หรือรีไฟแนนซ์ วงกู้สูงดอกเบื้ยต่ำ","promo_code":49320,"imageFile":"yuvmldcxxl"},{"promo_name":"สินเชื่อ Dream Homes","promo_description":"สานฝันเรื่องบ้านให้เป็นจริง ไม่ว่าจะสร้าง ซื้อ หรือรีไฟแนนซ์ วงกู้สูงดอกเบื้ยต่ำ","promo_code":27015,"imageFile":"jdpntcbqgw"},{"promo_name":"สินเชื่อเคหะ กตัญญูดูแลบุพการี","promo_description":"ให้กู้ได้ทุกกรณีรวมกันไม่เกินร้อยละ 100 ของราคาซื้อขายหรือราคาประเมินหลักทรัพย์","promo_code":28390,"imageFile":"txbifipvfe"},{"promo_name":"สินเชื่อบ้านบุพเพสันนิวาส","promo_description":"สานฝันเรื่องบ้านให้เป็นจริง ไม่ว่าจะสร้าง ซื้อ หรือรีไฟแนนซ์ วงกู้สูงดอกเบื้ยต่ำ","promo_code":88989,"imageFile":"ntmhazcwqu"},{"promo_name":"สินเชื่อสวัสดิการx2","promo_description":"วงเงินสินเชื่อพิเศษสุด สำหรับข้าราชการ พนักงานรัฐวิสาหกิจ หรือพนักงานราชการ","promo_code":15991,"imageFile":"bxbfwmbsff"},{"promo_name":"สินเชื่อประชารัฐสูงวัย","promo_description":"เพื่อเป็นทุน หรือเป็นเงินทุนหมุนเวียนในการประกอบธุรกิจทดแทนการใช้หนี้นอกระบบ","promo_code":40316,"imageFile":"tdvfgvtxns"}]